Timestamp,Raw,Attention,Meditation,delta,theta,low-alpha,high-alpha,low-beta,high-beta,low-gamma,mid-gamma
2022-07-30T17:33:56.062443,-378,50,61,1002911,95812,17781,127204,81605,56019,19581,4738
2022-07-30T17:33:56.572881,481,47,54,1518646,355997,25436,91617,99598,61242,6140,3346
2022-07-30T17:33:57.084820,409,47,54,1518646,355997,25436,91617,99598,61242,6140,3346
2022-07-30T17:33:57.596759,-65,44,78,1002635,25537,32816,6048,17293,12077,6461,1949
2022-07-30T17:33:58.108698,72,44,78,1002635,25537,32816,6048,17293,12077,6461,1949
2022-07-30T17:33:58.620637,20,24,67,418185,47959,6822,6287,7953,3831,2710,1090
2022-07-30T17:33:59.132577,241,29,53,2248974,246490,104178,127513,179270,178985,10518,7890
2022-07-30T17:33:59.644516,328,29,53,2248974,246490,104178,127513,179270,178985,10518,7890
2022-07-30T17:34:00.156455,243,26,53,1038289,80828,18195,9857,18763,12047,3862,919
2022-07-30T17:34:00.668394,26,26,53,1038289,80828,18195,9857,18763,12047,3862,919
2022-07-30T17:34:01.180333,147,24,27,938282,131063,21136,73887,165676,31805,10706,11810
2022-07-30T17:34:01.692272,241,24,27,938282,131063,21136,73887,165676,31805,10706,11810
2022-07-30T17:34:02.204211,488,38,20,1679739,226957,18960,22944,29695,67299,19938,10718
2022-07-30T17:34:02.716150,-19,38,20,1679739,226957,18960,22944,29695,67299,19938,10718
2022-07-30T17:34:03.228090,217,38,20,1077258,61942,20100,15177,8443,6550,1918,1089
2022-07-30T17:34:03.740029,217,38,20,1077258,61942,20100,15177,8443,6550,1918,1089
2022-07-30T17:34:04.251967,368,48,13,451223,93481,57900,59099,139522,204073,19098,3716
2022-07-30T17:34:04.763907,549,48,13,451223,93481,57900,59099,139522,204073,19098,3716
2022-07-30T17:34:05.275846,-27,53,13,241003,71973,2194,21178,10691,15233,1489,795
2022-07-30T17:34:05.787785,54,53,13,241003,71973,2194,21178,10691,15233,1489,795
2022-07-30T17:34:06.299724,-10,60,29,675966,125151,36628,88316,93819,67140,7025,8133
2022-07-30T17:34:06.811663,296,60,29,675966,125151,36628,88316,93819,67140,7025,8133
2022-07-30T17:34:07.323602,284,50,30,1427662,168986,2908,27622,14615,21090,20732,5167
2022-07-30T17:34:07.835541,198,50,30,1427662,168986,2908,27622,14615,21090,20732,5167
2022-07-30T17:34:08.347481,4,38,43,88107,18551,12108,11858,23746,11538,1993,1144
2022-07-30T17:34:08.859419,182,38,43,88107,18551,12108,11858,23746,11538,1993,1144
2022-07-30T17:34:09.371359,280,50,57,137994,7601,8310,3211,9843,12060,4086,865
2022-07-30T17:34:09.883298,437,50,57,137994,7601,8310,3211,9843,12060,4086,865
2022-07-30T17:34:10.395237,134,51,66,614199,141845,71466,173069,122465,109430,11774,4834
2022-07-30T17:34:10.907176,214,51,66,614199,141845,71466,173069,122465,109430,11774,4834
2022-07-30T17:34:11.419115,195,66,93,625854,113339,64250,44138,43973,109736,11563,2270
2022-07-30T17:34:11.931054,168,66,93,625854,113339,64250,44138,43973,109736,11563,2270
2022-07-30T17:34:12.442994,355,44,88,311760,171236,32687,28776,11158,4965,2404,2608
2022-07-30T17:34:12.954933,157,44,88,311760,171236,32687,28776,11158,4965,2404,2608
2022-07-30T17:34:13.466871,-24,43,94,831423,139988,37517,164992,133053,132698,24881,7394
2022-07-30T17:34:13.978811,115,43,94,831423,139988,37517,164992,133053,132698,24881,7394
2022-07-30T17:34:14.490750,394,51,83,335269,9596,7696,15781,18113,25376,2801,912
2022-07-30T17:34:15.002689,443,51,83,335269,9596,7696,15781,18113,25376,2801,912
2022-07-30T17:34:15.514628,187,47,90,48452,22941,8557,21159,24829,13405,1609,815
2022-07-30T17:34:16.026567,17,47,90,48452,22941,8557,21159,24829,13405,1609,815
2022-07-30T17:34:16.538506,138,64,100,325906,12646,13642,13117,4722,5889,3760,1006
2022-07-30T17:34:17.050446,298,64,100,325906,12646,13642,13117,4722,5889,3760,1006
2022-07-30T17:34:17.562384,352,57,70,596679,89638,7860,11260,40625,25554,2454,1284
2022-07-30T17:34:18.074323,224,57,70,596679,89638,7860,11260,40625,25554,2454,1284
2022-07-30T17:34:18.586263,89,48,74,558903,168343,145703,106077,115678,87354,14154,2051
2022-07-30T17:34:19.098202,76,48,74,558903,168343,145703,106077,115678,87354,14154,2051
2022-07-30T17:34:19.610141,157,48,74,504624,75822,29447,25375,21235,7845,9822,11913
2022-07-30T17:34:20.122080,389,41,61,1835048,814517,389640,73599,128999,162623,49960,10894
2022-07-30T17:34:20.634019,187,41,61,1835048,814517,389640,73599,128999,162623,49960,10894
2022-07-30T17:34:21.145958,256,56,34,768597,12819,2672,8137,8071,16386,1950,365
2022-07-30T17:34:21.657897,119,56,34,768597,12819,2672,8137,8071,16386,1950,365
2022-07-30T17:34:22.169836,320,57,54,2203385,417907,261236,162255,489142,214409,33397,10143
2022-07-30T17:34:22.681776,355,57,54,2203385,417907,261236,162255,489142,214409,33397,10143
2022-07-30T17:34:23.193715,34,61,41,217085,31615,18681,2318,10736,17763,2367,1232
2022-07-30T17:34:23.705654,19,61,41,217085,31615,18681,2318,10736,17763,2367,1232
2022-07-30T17:34:24.217593,157,78,38,1743896,251641,278752,123947,534522,470445,47635,7548
2022-07-30T17:34:24.729532,305,78,38,1743896,251641,278752,123947,534522,470445,47635,7548
2022-07-30T17:34:25.241471,152,61,34,1502977,196547,9451,39953,14692,29790,17193,4359
2022-07-30T17:34:25.753410,32,61,34,1502977,196547,9451,39953,14692,29790,17193,4359
2022-07-30T17:34:26.265349,107,69,23,696587,76609,15876,48104,88193,107412,10820,4624
2022-07-30T17:34:26.777288,186,69,23,696587,76609,15876,48104,88193,107412,10820,4624
2022-07-30T17:34:27.289228,444,78,23,1770666,39723,70135,75070,187414,176752,13533,4249
2022-07-30T17:34:27.801167,323,78,23,1770666,39723,70135,75070,187414,176752,13533,4249
2022-07-30T17:34:28.313106,26,61,23,548404,181565,38255,58302,73007,28535,6470,4918
2022-07-30T17:34:28.825045,-118,61,23,548404,181565,38255,58302,73007,28535,6470,4918
2022-07-30T17:34:29.336984,77,66,30,2346915,268744,83513,63309,126843,83351,11609,2260
2022-07-30T17:34:29.848923,404,66,30,2346915,268744,83513,63309,126843,83351,11609,2260
2022-07-30T17:34:30.360862,178,56,41,2322298,57133,9453,39097,35795,28167,9402,1436
2022-07-30T17:34:30.872801,56,56,41,2322298,57133,9453,39097,35795,28167,9402,1436
2022-07-30T17:34:31.384740,337,50,43,1334007,78244,54864,33483,72910,69998,11747,5040
2022-07-30T17:34:31.896679,214,50,43,1334007,78244,54864,33483,72910,69998,11747,5040
2022-07-30T17:34:32.408619,434,53,24,1435946,442233,15160,32419,54803,66936,12198,3836
2022-07-30T17:34:32.920558,379,53,24,1435946,442233,15160,32419,54803,66936,12198,3836
2022-07-30T17:34:33.432497,-150,40,10,1208444,559149,3194,64698,130837,29992,14928,10444
2022-07-30T17:34:33.944436,97,40,10,1208444,559149,3194,64698,130837,29992,14928,10444
2022-07-30T17:34:34.456375,138,21,21,783012,203556,103228,66667,60871,14191,12305,10352
2022-07-30T17:34:34.968314,281,21,21,783012,203556,103228,66667,60871,14191,12305,10352
2022-07-30T17:34:35.480253,355,21,21,645165,58868,5666,10634,7019,10748,9922,7101
2022-07-30T17:34:35.992192,144,21,21,645165,58868,5666,10634,7019,10748,9922,7101
2022-07-30T17:34:36.504132,25,17,30,839071,61237,35517,39143,18539,43347,4413,1235
2022-07-30T17:34:37.016071,27,17,30,839071,61237,35517,39143,18539,43347,4413,1235
2022-07-30T17:34:37.528010,336,24,66,964720,17265,13792,12571,6658,11369,1728,1218
2022-07-30T17:34:38.039949,257,24,66,964720,17265,13792,12571,6658,11369,1728,1218
2022-07-30T17:34:38.551888,-45,41,87,1823496,751178,43291,507793,624601,393026,57470,15791
2022-07-30T17:34:39.063827,171,41,87,1823496,751178,43291,507793,624601,393026,57470,15791
2022-07-30T17:34:39.575766,114,47,63,751947,83860,2664,10418,4961,5921,1570,1268
2022-07-30T17:34:40.087705,391,47,63,751947,83860,2664,10418,4961,5921,1570,1268
2022-07-30T17:34:40.599644,349,56,61,1295399,17706,17526,262365,195473,297769,11333,3433
2022-07-30T17:34:41.111584,-62,56,61,1295399,17706,17526,262365,195473,297769,11333,3433
2022-07-30T17:34:41.623523,-104,60,54,608582,92459,25587,92685,85271,77036,11144,6261
2022-07-30T17:34:42.135462,25,60,41,715072,77788,5465,16353,27285,30345,2515,1725
2022-07-30T17:34:42.647401,251,60,41,715072,77788,5465,16353,27285,30345,2515,1725
2022-07-30T17:34:43.159340,474,75,61,949525,181461,66942,165345,199426,130010,6666,1598
2022-07-30T17:34:43.671279,76,75,61,949525,181461,66942,165345,199426,130010,6666,1598
2022-07-30T17:34:44.183218,-74,51,69,2398048,215604,54630,210989,33633,36488,8314,3670
2022-07-30T17:34:44.695158,-274,51,69,2398048,215604,54630,210989,33633,36488,8314,3670
2022-07-30T17:34:45.207097,764,44,61,1684952,204631,73041,30614,97250,57934,11723,3235
2022-07-30T17:34:45.719036,325,44,61,1684952,204631,73041,30614,97250,57934,11723,3235
2022-07-30T17:34:46.230975,-74,38,78,941776,67445,15010,25567,18655,14235,5168,2050
2022-07-30T17:34:46.742914,12,38,78,941776,67445,15010,25567,18655,14235,5168,2050
2022-07-30T17:34:47.254853,9,35,70,1249256,39947,19187,6220,18694,17092,2198,1283
2022-07-30T17:34:47.766792,235,35,70,1249256,39947,19187,6220,18694,17092,2198,1283
2022-07-30T17:34:48.278731,452,37,47,337037,278051,45389,20846,28605,27437,10763,6117
2022-07-30T17:34:48.790670,54,37,47,337037,278051,45389,20846,28605,27437,10763,6117
2022-07-30T17:34:49.302610,-25,47,57,670401,41767,20382,52332,17149,66005,3170,870
2022-07-30T17:34:49.814548,11,47,57,670401,41767,20382,52332,17149,66005,3170,870
2022-07-30T17:34:50.326488,149,51,40,1056625,245534,36449,17263,104608,78113,28891,11383
2022-07-30T17:34:50.838427,445,51,40,1056625,245534,36449,17263,104608,78113,28891,11383
2022-07-30T17:34:51.350366,114,51,40,591614,44149,12077,14003,7273,5382,647,284
2022-07-30T17:34:51.862305,69,51,40,591614,44149,12077,14003,7273,5382,647,284
2022-07-30T17:34:52.374244,69,56,41,1393516,113174,20883,63062,47144,75133,11021,1930
2022-07-30T17:34:52.886183,328,56,41,1393516,113174,20883,63062,47144,75133,11021,1930
2022-07-30T17:34:53.398122,257,61,40,562113,34018,3908,4280,6044,6430,2429,1830
2022-07-30T17:34:53.910061,-88,61,40,562113,34018,3908,4280,6044,6430,2429,1830
2022-07-30T17:34:54.422000,-43,51,21,732180,358463,74580,28033,125072,100762,4190,2441
2022-07-30T17:34:54.933940,43,51,21,732180,358463,74580,28033,125072,100762,4190,2441
2022-07-30T17:34:55.445879,185,51,47,519417,19394,8017,15861,13302,10691,3341,952
2022-07-30T17:34:55.957818,449,51,47,519417,19394,8017,15861,13302,10691,3341,952
2022-07-30T17:34:56.469757,141,47,48,3671528,399610,133534,194454,235688,153750,53456,35389
2022-07-30T17:34:56.981696,134,47,48,3671528,399610,133534,194454,235688,153750,53456,35389
2022-07-30T17:34:57.493635,91,54,54,1425897,60507,1499,31118,23830,31676,6960,3190
2022-07-30T17:34:58.005574,160,54,54,1425897,60507,1499,31118,23830,31676,6960,3190
2022-07-30T17:34:58.517513,418,63,53,476643,91977,13138,33928,126490,72170,16143,3501
2022-07-30T17:34:59.029453,27,63,53,476643,91977,13138,33928,126490,72170,16143,3501
2022-07-30T17:34:59.541392,60,57,43,1703046,362102,73546,126695,241882,92435,18681,9647
2022-07-30T17:35:00.053331,177,57,43,1703046,362102,73546,126695,241882,92435,18681,9647
2022-07-30T17:35:00.565270,419,57,44,730956,194494,84677,87264,103118,78448,10005,1432
2022-07-30T17:35:01.077209,396,57,44,730956,194494,84677,87264,103118,78448,10005,1432
2022-07-30T17:35:01.589148,-147,54,54,735718,139257,100528,90838,120555,73897,10736,2577
2022-07-30T17:35:02.101087,75,54,54,735718,139257,100528,90838,120555,73897,10736,2577
2022-07-30T17:35:02.613026,107,50,60,906232,17539,928,6073,6352,6758,2035,673
2022-07-30T17:35:03.124966,147,51,67,1447939,453756,271052,98391,129511,187132,57668,13689
2022-07-30T17:35:03.636904,343,51,67,1447939,453756,271052,98391,129511,187132,57668,13689
2022-07-30T17:35:04.148844,118,51,75,1673810,468233,271364,260545,126139,196958,52305,6316
2022-07-30T17:35:04.660783,6,51,75,1673810,468233,271364,260545,126139,196958,52305,6316
2022-07-30T17:35:05.172722,189,51,63,1644060,396615,61088,130998,163191,132680,9105,5613
2022-07-30T17:35:05.684661,503,51,63,1644060,396615,61088,130998,163191,132680,9105,5613
2022-07-30T17:35:06.196600,521,41,69,926886,810933,256827,51867,118078,100076,87926,35688
2022-07-30T17:35:06.708539,-17,41,69,926886,810933,256827,51867,118078,100076,87926,35688
2022-07-30T17:35:07.220478,67,41,69,652110,50551,25186,14221,8730,5543,1519,915
2022-07-30T17:35:07.732417,23,41,69,652110,50551,25186,14221,8730,5543,1519,915
2022-07-30T17:35:08.244356,387,41,61,2079371,738958,209392,172338,271790,288679,39167,12838
2022-07-30T17:35:08.756296,428,41,61,2079371,738958,209392,172338,271790,288679,39167,12838
2022-07-30T17:35:09.268235,-37,54,48,410614,6408,1482,11449,15645,14856,1862,699
2022-07-30T17:35:09.780174,85,54,48,410614,6408,1482,11449,15645,14856,1862,699
2022-07-30T17:35:10.292113,57,60,53,1004111,82748,28020,38986,63304,61940,16320,3483
2022-07-30T17:35:10.804052,442,60,53,1004111,82748,28020,38986,63304,61940,16320,3483
2022-07-30T17:35:11.315991,391,74,57,429343,21489,16130,14134,25666,18739,1337,1248
2022-07-30T17:35:11.827930,101,74,57,429343,21489,16130,14134,25666,18739,1337,1248
2022-07-30T17:35:12.339870,-110,78,60,761196,138468,14241,103015,132193,119296,14134,7279
2022-07-30T17:35:12.851809,-124,78,60,761196,138468,14241,103015,132193,119296,14134,7279
2022-07-30T17:35:13.363748,202,64,63,666799,113314,51493,29646,40534,32566,11024,3583
2022-07-30T17:35:13.875687,332,64,63,666799,113314,51493,29646,40534,32566,11024,3583
2022-07-30T17:35:14.387626,-54,69,64,2378965,396711,239851,291448,522430,589987,30027,9428
2022-07-30T17:35:14.899565,115,69,64,2378965,396711,239851,291448,522430,589987,30027,9428
2022-07-30T17:35:15.411504,61,56,57,2082156,600887,84777,135762,122523,77262,12220,2814
2022-07-30T17:35:15.923443,408,56,57,2082156,600887,84777,135762,122523,77262,12220,2814
2022-07-30T17:35:16.435382,487,48,61,629134,38841,10566,14645,11622,10814,2915,407
2022-07-30T17:35:16.947321,-7,48,61,629134,38841,10566,14645,11622,10814,2915,407
2022-07-30T17:35:17.459260,107,50,56,1649582,198645,43661,69285,98630,72719,20377,2368
2022-07-30T17:35:17.971200,-70,50,56,1649582,198645,43661,69285,98630,72719,20377,2368
2022-07-30T17:35:18.483139,136,41,56,181382,19816,1435,12964,10208,9824,3667,1064
2022-07-30T17:35:18.995078,418,41,56,181382,19816,1435,12964,10208,9824,3667,1064
2022-07-30T17:35:19.507017,28,50,70,151607,12360,10557,13579,10890,8527,3046,1774
2022-07-30T17:35:20.018956,144,50,70,151607,12360,10557,13579,10890,8527,3046,1774
2022-07-30T17:35:20.530895,145,50,74,652635,17170,7587,7475,9987,4756,1449,211
2022-07-30T17:35:21.042834,310,50,74,652635,17170,7587,7475,9987,4756,1449,211
2022-07-30T17:35:21.554774,499,51,88,931018,68079,70408,46041,45458,53729,10149,4389
2022-07-30T17:35:22.066713,149,51,88,931018,68079,70408,46041,45458,53729,10149,4389
2022-07-30T17:35:22.578652,56,48,100,564765,83660,218771,158450,102948,87823,37140,14469
2022-07-30T17:35:23.090591,57,48,100,564765,83660,218771,158450,102948,87823,37140,14469
2022-07-30T17:35:23.602530,152,48,100,593009,64632,21178,22430,23992,19272,6997,2348
2022-07-30T17:35:24.114469,135,37,83,1164851,1117198,237389,32170,178257,87377,26576,8599
2022-07-30T17:35:24.626408,-246,37,83,1164851,1117198,237389,32170,178257,87377,26576,8599
2022-07-30T17:35:25.138347,49,40,83,470603,18379,11714,9958,15400,7764,1590,794
2022-07-30T17:35:25.650286,219,40,83,470603,18379,11714,9958,15400,7764,1590,794
2022-07-30T17:35:26.162226,386,44,64,1805548,786993,111171,375873,349984,698607,80341,10750
2022-07-30T17:35:26.674164,331,44,64,1805548,786993,111171,375873,349984,698607,80341,10750
2022-07-30T17:35:27.186104,115,54,51,343030,4895,3603,12080,12652,11518,3386,969
2022-07-30T17:35:27.698043,120,54,51,343030,4895,3603,12080,12652,11518,3386,969
2022-07-30T17:35:28.209982,124,69,60,1808330,347669,118403,132590,194492,207572,50674,26650
2022-07-30T17:35:28.721921,423,69,60,1808330,347669,118403,132590,194492,207572,50674,26650
2022-07-30T17:35:29.233860,325,77,34,1118582,194014,10107,15143,25075,100659,9578,2933
2022-07-30T17:35:29.745799,-52,77,34,1118582,194014,10107,15143,25075,100659,9578,2933
2022-07-30T17:35:30.257738,-169,75,34,868601,64673,5140,46542,86031,55926,17215,3454
2022-07-30T17:35:30.769678,-117,75,34,868601,64673,5140,46542,86031,55926,17215,3454
2022-07-30T17:35:31.281616,284,63,37,157318,174253,58902,207489,154801,69398,16050,3729
2022-07-30T17:35:31.793556,409,63,37,157318,174253,58902,207489,154801,69398,16050,3729
2022-07-30T17:35:32.305495,-34,50,38,499896,314070,73798,69235,27454,29438,9763,5242
2022-07-30T17:35:32.817434,52,50,38,499896,314070,73798,69235,27454,29438,9763,5242
2022-07-30T17:35:33.329374,101,43,60,117652,50995,16829,9114,10328,16282,3594,1035
2022-07-30T17:35:33.841312,476,43,60,117652,50995,16829,9114,10328,16282,3594,1035
2022-07-30T17:35:34.353251,432,37,43,341780,51159,580,5081,9341,12122,3381,678
2022-07-30T17:35:34.865190,80,37,43,341780,51159,580,5081,9341,12122,3381,678
2022-07-30T17:35:35.377129,-24,37,24,1046129,170210,34593,43148,114997,42012,8112,2082
2022-07-30T17:35:35.889069,183,37,24,1046129,170210,34593,43148,114997,42012,8112,2082
2022-07-30T17:35:36.401008,178,34,14,956443,96800,14114,7485,8978,5563,3175,956
2022-07-30T17:35:36.912947,216,34,14,956443,96800,14114,7485,8978,5563,3175,956
2022-07-30T17:35:37.424886,-221,24,16,2080810,287124,42435,98352,88352,38337,23598,3128
2022-07-30T17:35:37.936825,-67,24,16,2080810,287124,42435,98352,88352,38337,23598,3128
2022-07-30T17:35:38.448764,132,20,53,1024493,103246,133265,106426,102417,45298,14191,6839
2022-07-30T17:35:38.960703,267,20,53,1024493,103246,133265,106426,102417,45298,14191,6839
2022-07-30T17:35:39.472642,424,20,53,263161,53303,18302,12650,11161,6638,1458,771
2022-07-30T17:35:39.984581,170,20,53,263161,53303,18302,12650,11161,6638,1458,771
2022-07-30T17:35:40.496521,93,27,44,278799,76756,6320,11836,17787,31350,1854,2031
2022-07-30T17:35:41.008460,129,27,44,278799,76756,6320,11836,17787,31350,1854,2031
2022-07-30T17:35:41.520399,437,37,47,868721,76875,2356,21571,16138,12510,2840,1609
2022-07-30T17:35:42.032338,278,37,47,868721,76875,2356,21571,16138,12510,2840,1609
2022-07-30T17:35:42.544277,121,51,53,1287502,62851,125994,186527,289859,172597,93884,19935
2022-07-30T17:35:43.056216,-38,51,53,1287502,62851,125994,186527,289859,172597,93884,19935
2022-07-30T17:35:43.568155,72,57,44,43326,4340,2921,1212,1390,2685,587,102
2022-07-30T17:35:44.080095,393,57,44,43326,4340,2921,1212,1390,2685,587,102
2022-07-30T17:35:44.592033,392,56,57,90846,22174,5671,19353,30650,13438,2106,982
2022-07-30T17:35:45.103973,69,56,57,90846,22174,5671,19353,30650,13438,2106,982
2022-07-30T17:35:45.615912,84,67,67,2682336,144329,74591,185233,298426,181125,18106,9011
2022-07-30T17:35:46.127851,-163,61,64,970530,174923,47086,101472,110089,70985,20098,6706
2022-07-30T17:35:46.639790,438,61,64,970530,174923,47086,101472,110089,70985,20098,6706
2022-07-30T17:35:47.151729,370,74,54,1993231,39799,39800,78495,252866,167938,4759,2891
2022-07-30T17:35:47.663668,121,74,54,1993231,39799,39800,78495,252866,167938,4759,2891
2022-07-30T17:35:48.175607,-8,64,53,353680,112508,15910,36032,27160,18211,3751,1396
2022-07-30T17:35:48.687547,81,64,53,353680,112508,15910,36032,27160,18211,3751,1396
2022-07-30T17:35:49.199485,380,53,60,1814106,179894,180742,26061,87267,45903,23863,4706
2022-07-30T17:35:49.711425,330,53,60,1814106,179894,180742,26061,87267,45903,23863,4706
2022-07-30T17:35:50.223364,-29,47,40,1201767,161863,13760,9821,13250,21139,3391,1726
2022-07-30T17:35:50.735303,243,47,40,1201767,161863,13760,9821,13250,21139,3391,1726
2022-07-30T17:35:51.247242,219,34,35,750459,192082,24489,35532,90174,62081,12263,4708
2022-07-30T17:35:51.759181,325,34,35,750459,192082,24489,35532,90174,62081,12263,4708
2022-07-30T17:35:52.271120,468,50,41,502115,9314,14667,4137,12304,16741,809,1042
2022-07-30T17:35:52.783059,-9,50,41,502115,9314,14667,4137,12304,16741,809,1042
2022-07-30T17:35:53.294998,-121,56,11,1946587,524700,12982,67116,144137,162433,7367,4175
2022-07-30T17:35:53.806937,-157,56,11,1946587,524700,12982,67116,144137,162433,7367,4175
2022-07-30T17:35:54.318877,135,63,35,1169077,100202,29713,103948,127779,63587,37748,13021
2022-07-30T17:35:54.830816,442,63,35,1169077,100202,29713,103948,127779,63587,37748,13021
2022-07-30T17:35:55.342755,102,63,35,702645,80003,9087,21985,20512,20289,18391,6431
2022-07-30T17:35:55.854694,17,63,35,702645,80003,9087,21985,20512,20289,18391,6431
2022-07-30T17:35:56.366633,179,61,41,743316,250642,45547,65993,47630,66713,15195,11633
2022-07-30T17:35:56.878572,421,61,41,743316,250642,45547,65993,47630,66713,15195,11633
2022-07-30T17:35:57.390511,434,57,34,1902692,109671,23030,34687,21951,69782,6525,3176
2022-07-30T17:35:57.902450,269,57,34,1902692,109671,23030,34687,21951,69782,6525,3176
2022-07-30T17:35:58.414390,145,56,63,1679895,79692,78986,90095,89706,60119,29361,4436
2022-07-30T17:35:58.926329,83,56,63,1679895,79692,78986,90095,89706,60119,29361,4436
2022-07-30T17:35:59.438268,345,53,63,836434,34816,22158,3708,8318,10328,2303,818
2022-07-30T17:35:59.950207,224,53,63,836434,34816,22158,3708,8318,10328,2303,818
2022-07-30T17:36:00.462146,24,53,77,1527374,345628,254959,191787,97828,161168,52228,25356
2022-07-30T17:36:00.974085,109,53,77,1527374,345628,254959,191787,97828,161168,52228,25356
2022-07-30T17:36:01.486024,58,47,87,443716,18792,6605,15108,8573,7850,1419,615
2022-07-30T17:36:01.997963,386,47,87,443716,18792,6605,15108,8573,7850,1419,615
2022-07-30T17:36:02.509903,309,54,64,667141,26694,4660,10070,37290,23059,3306,564
2022-07-30T17:36:03.021841,36,54,64,667141,26694,4660,10070,37290,23059,3306,564
2022-07-30T17:36:03.533781,106,64,64,2100329,145852,89957,216572,274770,232389,6942,2287
2022-07-30T17:36:04.045720,123,64,64,2100329,145852,89957,216572,274770,232389,6942,2287
2022-07-30T17:36:04.557659,458,53,57,2031619,429197,130152,138333,129878,33837,27396,5503
2022-07-30T17:36:05.069598,403,53,57,2031619,429197,130152,138333,129878,33837,27396,5503
2022-07-30T17:36:05.581537,-66,61,38,429963,124063,7137,40306,94189,83154,14562,4426
2022-07-30T17:36:06.093476,86,61,38,429963,124063,7137,40306,94189,83154,14562,4426
2022-07-30T17:36:06.605415,18,48,51,1652935,124571,12297,56722,17399,23035,12591,4802
2022-07-30T17:36:07.117355,400,41,47,107483,31639,7449,10044,9396,13890,3352,945
2022-07-30T17:36:07.629293,234,41,47,107483,31639,7449,10044,9396,13890,3352,945
2022-07-30T17:36:08.141232,-197,56,21,2339041,354300,20512,26301,53890,110032,16133,3524
2022-07-30T17:36:08.653172,-193,56,21,2339041,354300,20512,26301,53890,110032,16133,3524
2022-07-30T17:36:09.165111,263,48,41,1045293,320074,35379,327241,240074,126735,21730,2658
2022-07-30T17:36:09.677050,482,48,41,1045293,320074,35379,327241,240074,126735,21730,2658
2022-07-30T17:36:10.188989,401,53,41,2649339,332631,63023,196828,84519,126664,44512,31787
2022-07-30T17:36:10.700928,-3,53,41,2649339,332631,63023,196828,84519,126664,44512,31787
2022-07-30T17:36:11.212867,17,53,41,349597,39226,8501,2887,1387,6130,10780,8756
2022-07-30T17:36:11.724807,229,53,41,349597,39226,8501,2887,1387,6130,10780,8756
2022-07-30T17:36:12.236745,347,54,44,619003,74108,31660,37830,63921,45025,6872,1420
2022-07-30T17:36:12.748684,116,54,44,619003,74108,31660,37830,63921,45025,6872,1420
2022-07-30T17:36:13.260624,-25,57,77,244734,3059,5083,15223,11353,10740,2283,570
2022-07-30T17:36:13.772563,5,57,77,244734,3059,5083,15223,11353,10740,2283,570
2022-07-30T17:36:14.284502,84,61,64,1883087,556655,73214,177624,216270,227269,124888,46813
2022-07-30T17:36:14.796441,349,61,64,1883087,556655,73214,177624,216270,227269,124888,46813
2022-07-30T17:36:15.308380,340,67,51,825863,125811,12672,37834,75817,66755,8162,3896
2022-07-30T17:36:15.820319,137,67,51,825863,125811,12672,37834,75817,66755,8162,3896
2022-07-30T17:36:16.332258,-11,64,38,707518,279943,16038,64255,93336,86731,6367,2884
2022-07-30T17:36:16.844198,154,64,38,707518,279943,16038,64255,93336,86731,6367,2884
2022-07-30T17:36:17.356137,278,64,27,1226524,103305,22699,51081,29708,73829,11216,2548
2022-07-30T17:36:17.868076,115,64,27,1226524,103305,22699,51081,29708,73829,11216,2548
2022-07-30T17:36:18.380015,106,69,23,1359647,78047,19901,19500,80565,57892,13074,9151
2022-07-30T17:36:18.891954,133,69,23,1359647,78047,19901,19500,80565,57892,13074,9151
2022-07-30T17:36:19.403893,70,60,40,1034157,308974,135334,122318,75224,85322,23042,5248
2022-07-30T17:36:19.915832,445,60,40,1034157,308974,135334,122318,75224,85322,23042,5248
2022-07-30T17:36:20.427771,329,60,57,235783,56473,31830,22794,21167,25561,1095,697
2022-07-30T17:36:20.939711,-18,60,57,235783,56473,31830,22794,21167,25561,1095,697
2022-07-30T17:36:21.451650,151,70,51,255796,86174,185128,100394,302923,590930,31301,20486
2022-07-30T17:36:21.963589,166,70,51,255796,86174,185128,100394,302923,590930,31301,20486
2022-07-30T17:36:22.475528,328,63,63,355134,10251,3221,2941,3977,3242,975,291
2022-07-30T17:36:22.987467,339,63,63,355134,10251,3221,2941,3977,3242,975,291
2022-07-30T17:36:23.499406,-149,77,48,620230,21178,7049,7226,18321,24419,3702,1319
2022-07-30T17:36:24.011345,-149,77,48,620230,21178,7049,7226,18321,24419,3702,1319
2022-07-30T17:36:24.523284,66,87,43,1680079,46821,37151,42421,55367,98867,7028,3150
2022-07-30T17:36:25.035223,144,87,43,1680079,46821,37151,42421,55367,98867,7028,3150
2022-07-30T17:36:25.547162,372,74,57,885556,40732,45200,116056,103646,73034,17787,1891
2022-07-30T17:36:26.059101,221,74,57,885556,40732,45200,116056,103646,73034,17787,1891
2022-07-30T17:36:26.571041,53,78,70,1547602,86877,126417,185578,133144,116876,16903,4195
2022-07-30T17:36:27.082980,-42,78,70,1547602,86877,126417,185578,133144,116876,16903,4195
2022-07-30T17:36:27.594919,278,78,70,3346316,1027565,291901,187027,274867,289646,102346,46795
2022-07-30T17:36:28.106858,294,78,70,3346316,1027565,291901,187027,274867,289646,102346,46795
2022-07-30T17:36:28.618797,54,70,83,1101807,474365,195435,133631,110926,242636,54175,18143
2022-07-30T17:36:29.130736,-156,54,94,48386,6497,4546,5134,3127,2266,519,265
2022-07-30T17:36:29.642675,105,54,94,48386,6497,4546,5134,3127,2266,519,265
2022-07-30T17:36:30.154615,468,53,100,500775,95609,131351,336867,226719,155352,5312,4338
2022-07-30T17:36:30.666553,316,53,100,500775,95609,131351,336867,226719,155352,5312,4338
2022-07-30T17:36:31.178493,9,47,84,39385,22893,5942,6898,8678,4920,1637,409
2022-07-30T17:36:31.690432,35,47,84,39385,22893,5942,6898,8678,4920,1637,409
2022-07-30T17:36:32.202371,66,47,91,1279681,108837,76781,105272,57049,97043,17800,3963
2022-07-30T17:36:32.714310,256,47,91,1279681,108837,76781,105272,57049,97043,17800,3963
2022-07-30T17:36:33.226249,425,51,70,1461337,69267,20545,5116,17696,22125,10192,1398
2022-07-30T17:36:33.738188,91,51,70,1461337,69267,20545,5116,17696,22125,10192,1398
2022-07-30T17:36:34.250128,60,60,53,780378,47850,56571,39099,179814,89522,15965,4304
2022-07-30T17:36:34.762067,-73,60,53,780378,47850,56571,39099,179814,89522,15965,4304
2022-07-30T17:36:35.274005,461,61,63,1822231,168848,92842,146583,134458,62922,9412,2340
2022-07-30T17:36:35.785945,327,61,63,1822231,168848,92842,146583,134458,62922,9412,2340
2022-07-30T17:36:36.297884,49,56,57,529860,363729,128542,182274,95302,131687,12366,2232
2022-07-30T17:36:36.809823,24,56,57,529860,363729,128542,182274,95302,131687,12366,2232
2022-07-30T17:36:37.321762,146,57,70,580706,39790,13213,34742,27068,22097,6469,1354
2022-07-30T17:36:37.833701,490,57,70,580706,39790,13213,34742,27068,22097,6469,1354
2022-07-30T17:36:38.345641,427,40,93,916703,30821,30546,19799,6264,7067,3115,1010
2022-07-30T17:36:38.857579,65,40,93,916703,30821,30546,19799,6264,7067,3115,1010
2022-07-30T17:36:39.369519,100,48,77,221870,79841,15895,15151,17137,48481,15694,1948
2022-07-30T17:36:39.881458,8,48,77,221870,79841,15895,15151,17137,48481,15694,1948
2022-07-30T17:36:40.393397,274,51,56,1436245,119432,5984,19135,32872,45563,8353,3514
2022-07-30T17:36:40.905336,313,51,56,1436245,119432,5984,19135,32872,45563,8353,3514
2022-07-30T17:36:41.417275,-94,41,53,1124679,253935,47335,190935,194966,39910,8747,4155
2022-07-30T17:36:41.929214,20,41,53,1124679,253935,47335,190935,194966,39910,8747,4155
2022-07-30T17:36:42.441153,82,47,41,944701,466014,297798,189820,287773,134334,56776,7104
2022-07-30T17:36:42.953092,507,47,41,944701,466014,297798,189820,287773,134334,56776,7104
2022-07-30T17:36:43.465031,363,47,41,358037,69517,9876,7634,9324,2130,2084,3122
2022-07-30T17:36:43.976971,-3,47,41,358037,69517,9876,7634,9324,2130,2084,3122
2022-07-30T17:36:44.488910,107,40,53,579936,112122,78296,54770,93876,56875,4552,5494
2022-07-30T17:36:45.000849,306,40,53,579936,112122,78296,54770,93876,56875,4552,5494
2022-07-30T17:36:45.512788,551,30,63,103765,9315,1689,1422,1763,1497,381,359
2022-07-30T17:36:46.024727,199,30,63,103765,9315,1689,1422,1763,1497,381,359
2022-07-30T17:36:46.536666,-165,43,61,442335,34360,1347,25281,17880,16425,2383,1386
2022-07-30T17:36:47.048605,-212,43,61,442335,34360,1347,25281,17880,16425,2383,1386
2022-07-30T17:36:47.560545,52,47,63,151694,14091,10045,17285,22848,10047,2847,1180
2022-07-30T17:36:48.072483,523,47,63,151694,14091,10045,17285,22848,10047,2847,1180
2022-07-30T17:36:48.584422,353,38,56,308364,88967,14550,23200,21287,9475,7270,945
2022-07-30T17:36:49.096362,149,38,56,308364,88967,14550,23200,21287,9475,7270,945
2022-07-30T17:36:49.608301,104,53,54,74826,54024,16884,27717,57896,69397,6079,3634
2022-07-30T17:36:50.120240,-55,56,57,892901,76271,57813,74580,153085,89411,9941,6140
2022-07-30T17:36:50.632179,540,56,57,892901,76271,57813,74580,153085,89411,9941,6140
2022-07-30T17:36:51.144118,134,64,30,3215202,189223,14734,33255,131944,133778,5873,5816
2022-07-30T17:36:51.656057,-9,64,30,3215202,189223,14734,33255,131944,133778,5873,5816
2022-07-30T17:36:52.167996,-65,80,48,1615738,49302,49168,99450,29471,70256,6910,2821
2022-07-30T17:36:52.679935,83,80,48,1615738,49302,49168,99450,29471,70256,6910,2821
2022-07-30T17:36:53.191875,517,64,67,152810,26473,19374,18763,10337,9737,4532,1061
2022-07-30T17:36:53.703814,327,64,67,152810,26473,19374,18763,10337,9737,4532,1061
2022-07-30T17:36:54.215753,-3,61,66,1050033,37209,16207,18089,31398,17687,4721,1974
2022-07-30T17:36:54.727692,105,61,66,1050033,37209,16207,18089,31398,17687,4721,1974
2022-07-30T17:36:55.239631,312,47,100,1283897,53033,113297,123420,20473,36702,5071,10736
2022-07-30T17:36:55.751570,449,47,100,1283897,53033,113297,123420,20473,36702,5071,10736
2022-07-30T17:36:56.263509,251,43,81,176898,369181,7359,148065,141555,126847,28494,16429
2022-07-30T17:36:56.775448,-9,43,81,176898,369181,7359,148065,141555,126847,28494,16429
2022-07-30T17:36:57.287387,-161,47,70,443598,61349,49452,43571,52620,39314,3033,494
2022-07-30T17:36:57.799327,-100,47,70,443598,61349,49452,43571,52620,39314,3033,494
2022-07-30T17:36:58.311266,322,53,67,244163,123636,62796,113114,143959,133238,71038,15807
2022-07-30T17:36:58.823205,268,53,67,244163,123636,62796,113114,143959,133238,71038,15807
2022-07-30T17:36:59.335144,-24,53,67,146658,15853,6198,7329,5883,3855,2112,594
2022-07-30T17:36:59.847083,251,53,67,146658,15853,6198,7329,5883,3855,2112,594
2022-07-30T17:37:00.359022,71,57,38,1045984,156853,37548,16830,58367,41096,4602,2225
2022-07-30T17:37:00.870961,310,57,38,1045984,156853,37548,16830,58367,41096,4602,2225
2022-07-30T17:37:01.382900,288,57,37,891048,51837,13983,4727,13210,16664,2974,1587
2022-07-30T17:37:01.894840,-45,57,37,891048,51837,13983,4727,13210,16664,2974,1587
2022-07-30T17:37:02.406778,-237,57,35,833816,91039,129257,25869,117690,63362,5645,5046
2022-07-30T17:37:02.918718,-38,57,35,833816,91039,129257,25869,117690,63362,5645,5046
2022-07-30T17:37:03.430657,341,51,29,783553,38148,8686,13646,14637,12958,2073,2151
2022-07-30T17:37:03.942596,208,51,29,783553,38148,8686,13646,14637,12958,2073,2151
2022-07-30T17:37:04.454535,119,60,21,1344860,105551,8952,16732,66287,74246,19598,4958
2022-07-30T17:37:04.966474,91,60,21,1344860,105551,8952,16732,66287,74246,19598,4958
2022-07-30T17:37:05.478413,212,60,34,290950,19522,8085,15198,9756,10613,2585,1024
2022-07-30T17:37:05.990352,307,60,34,290950,19522,8085,15198,9756,10613,2585,1024
2022-07-30T17:37:06.502292,55,56,10,1420117,244399,7928,18696,70153,48934,29193,3279
2022-07-30T17:37:07.014230,-56,56,10,1420117,244399,7928,18696,70153,48934,29193,3279
2022-07-30T17:37:07.526170,72,61,3,1677821,359970,43221,105625,330189,226654,12767,9858
2022-07-30T17:37:08.038109,229,61,3,1677821,359970,43221,105625,330189,226654,12767,9858
2022-07-30T17:37:08.550048,483,44,30,1032432,201828,52257,235308,88379,42269,16863,2529
2022-07-30T17:37:09.061987,210,44,30,1032432,201828,52257,235308,88379,42269,16863,2529
2022-07-30T17:37:09.573926,-27,43,24,519192,38203,14564,7877,11460,12536,885,1040
2022-07-30T17:37:10.085865,102,43,24,519192,38203,14564,7877,11460,12536,885,1040
2022-07-30T17:37:10.597804,136,44,40,1188768,46173,3455,10968,3212,11130,3037,900
2022-07-30T17:37:11.109744,496,37,53,1755970,379415,124513,215095,229490,119883,9385,2829
2022-07-30T17:37:11.621682,408,37,53,1755970,379415,124513,215095,229490,119883,9385,2829
2022-07-30T17:37:12.133622,-118,43,38,100425,13866,324,4860,3187,3424,1114,317
2022-07-30T17:37:12.645561,-180,43,38,100425,13866,324,4860,3187,3424,1114,317
2022-07-30T17:37:13.157500,84,41,35,994788,59317,8921,28945,63903,15389,4012,1446
2022-07-30T17:37:13.669439,317,41,35,994788,59317,8921,28945,63903,15389,4012,1446
2022-07-30T17:37:14.181378,373,41,21,1573700,737209,16097,80465,208665,133055,104494,28402
2022-07-30T17:37:14.693317,18,41,21,1573700,737209,16097,80465,208665,133055,104494,28402
2022-07-30T17:37:15.205256,-28,41,21,845479,23570,11469,12246,10041,5182,1571,341
2022-07-30T17:37:15.717195,165,41,21,845479,23570,11469,12246,10041,5182,1571,341
2022-07-30T17:37:16.229134,344,48,26,894524,46204,49592,99822,105626,68648,3938,2742
2022-07-30T17:37:16.741074,200,48,26,894524,46204,49592,99822,105626,68648,3938,2742
2022-07-30T17:37:17.253013,76,51,24,860079,48106,5173,10575,12953,15769,4937,1322
2022-07-30T17:37:17.764952,98,51,24,860079,48106,5173,10575,12953,15769,4937,1322
2022-07-30T17:37:18.276891,113,61,37,609416,6632,11490,16253,16052,17968,2045,1215
2022-07-30T17:37:18.788830,202,61,37,609416,6632,11490,16253,16052,17968,2045,1215
2022-07-30T17:37:19.300769,224,56,56,617928,45526,11020,13234,7222,7709,3536,950
2022-07-30T17:37:19.812709,168,56,56,617928,45526,11020,13234,7222,7709,3536,950
2022-07-30T17:37:20.324648,87,47,27,811234,451851,22313,26239,52378,55072,12700,5254
2022-07-30T17:37:20.836586,160,47,27,811234,451851,22313,26239,52378,55072,12700,5254
2022-07-30T17:37:21.348526,459,47,23,1025364,26151,2341,3777,6924,7864,3068,1697
2022-07-30T17:37:21.860465,166,47,23,1025364,26151,2341,3777,6924,7864,3068,1697
2022-07-30T17:37:22.372404,0,40,20,1291076,114791,123218,30324,105611,72041,10089,4777
2022-07-30T17:37:22.884343,36,40,20,1291076,114791,123218,30324,105611,72041,10089,4777
2022-07-30T17:37:23.396282,90,43,14,725234,316322,55406,92789,127430,78310,11119,4383
2022-07-30T17:37:23.908221,497,43,14,725234,316322,55406,92789,127430,78310,11119,4383
2022-07-30T17:37:24.420160,395,44,38,326732,45330,13319,16838,8843,9484,2371,1216
2022-07-30T17:37:24.932099,-28,44,38,326732,45330,13319,16838,8843,9484,2371,1216
2022-07-30T17:37:25.444039,163,50,54,1240717,95495,19678,116071,45254,115137,7309,4715
2022-07-30T17:37:25.955978,71,50,54,1240717,95495,19678,116071,45254,115137,7309,4715
2022-07-30T17:37:26.467917,504,54,50,451487,24624,5454,15455,15170,17601,3719,575
2022-07-30T17:37:26.979856,267,54,50,451487,24624,5454,15455,15170,17601,3719,575
2022-07-30T17:37:27.491795,-277,60,56,1238100,104857,44951,78385,90604,65654,22835,6671
2022-07-30T17:37:28.003734,83,60,56,1238100,104857,44951,78385,90604,65654,22835,6671
2022-07-30T17:37:28.515673,147,69,61,2007232,65123,39750,95813,57696,77169,8070,3926
2022-07-30T17:37:29.027612,435,69,61,2007232,65123,39750,95813,57696,77169,8070,3926
2022-07-30T17:37:29.539552,205,61,66,1262435,114586,89300,122559,84585,63317,24456,2903
2022-07-30T17:37:30.051491,-5,61,66,1262435,114586,89300,122559,84585,63317,24456,2903
2022-07-30T17:37:30.563430,52,54,61,96337,456051,58412,89255,68431,118343,20368,14323
2022-07-30T17:37:31.075369,90,54,61,96337,456051,58412,89255,68431,118343,20368,14323
2022-07-30T17:37:31.587363,397,54,61,1304010,395670,150628,101228,49605,25415,10846,5723
2022-07-30T17:37:32.099247,458,54,61,1304010,395670,150628,101228,49605,25415,10846,5723
2022-07-30T17:37:32.611186,65,43,69,2013117,670234,368687,548037,297918,123749,34526,45491
2022-07-30T17:37:33.123125,-300,47,69,850225,9935,19945,5336,6657,16719,2683,892
2022-07-30T17:37:33.635064,-247,47,69,850225,9935,19945,5336,6657,16719,2683,892
2022-07-30T17:37:34.147003,384,50,56,1859098,168607,33046,58005,80818,69445,13305,2135
2022-07-30T17:37:34.658942,245,50,56,1859098,168607,33046,58005,80818,69445,13305,2135
2022-07-30T17:37:35.170882,83,50,60,1294005,28161,10646,4011,13185,9613,2976,1604
2022-07-30T17:37:35.682821,48,50,60,1294005,28161,10646,4011,13185,9613,2976,1604
2022-07-30T17:37:36.194760,156,66,35,560937,64958,6458,7405,22518,34622,3086,724
2022-07-30T17:37:36.706699,521,66,35,560937,64958,6458,7405,22518,34622,3086,724
2022-07-30T17:37:37.218638,260,61,14,1934994,386944,27000,76330,141131,146468,42829,12557
2022-07-30T17:37:37.730577,89,61,14,1934994,386944,27000,76330,141131,146468,42829,12557
2022-07-30T17:37:38.242516,168,66,23,544269,127685,47419,123165,53626,144113,18077,2729
2022-07-30T17:37:38.754456,164,66,23,544269,127685,47419,123165,53626,144113,18077,2729
2022-07-30T17:37:39.266394,573,60,24,1130976,416194,65069,156463,139155,62478,20062,2636
2022-07-30T17:37:39.778334,-54,60,24,1130976,416194,65069,156463,139155,62478,20062,2636
2022-07-30T17:37:40.290273,58,48,54,702996,23105,31186,22654,8327,10252,1204,820
2022-07-30T17:37:40.802212,167,48,54,702996,23105,31186,22654,8327,10252,1204,820
2022-07-30T17:37:41.314151,96,54,63,1233933,59526,41586,44754,140530,83377,16294,4356
2022-07-30T17:37:41.826090,456,54,63,1233933,59526,41586,44754,140530,83377,16294,4356
2022-07-30T17:37:42.338029,295,50,69,642843,16521,14935,24479,16892,14689,2995,731
2022-07-30T17:37:42.849968,-50,50,69,642843,16521,14935,24479,16892,14689,2995,731
2022-07-30T17:37:43.361908,-131,61,75,1636618,90721,39369,114982,94732,95402,19770,5774
2022-07-30T17:37:43.873847,69,61,75,1636618,90721,39369,114982,94732,95402,19770,5774
2022-07-30T17:37:44.385786,608,69,69,69591,1730,1901,3198,1192,2771,584,221
2022-07-30T17:37:44.897725,155,69,69,69591,1730,1901,3198,1192,2771,584,221
2022-07-30T17:37:45.409664,-89,61,78,2731196,188948,41653,195312,98193,94663,8413,11837
2022-07-30T17:37:45.921603,242,61,78,2731196,188948,41653,195312,98193,94663,8413,11837
2022-07-30T17:37:46.433542,29,47,63,874606,516294,70503,88047,43614,37309,15423,10174
2022-07-30T17:37:46.945481,368,47,63,874606,516294,70503,88047,43614,37309,15423,10174
2022-07-30T17:37:47.457420,370,47,63,515819,53897,9038,15391,15452,14329,11868,6195
2022-07-30T17:37:47.969360,-138,47,63,515819,53897,9038,15391,15452,14329,11868,6195
2022-07-30T17:37:48.481299,144,43,56,411329,231232,89653,56699,140398,96549,5794,5341
2022-07-30T17:37:48.993238,177,43,56,411329,231232,89653,56699,140398,96549,5794,5341
2022-07-30T17:37:49.505177,601,37,37,2146005,38335,3588,6228,9948,7815,5204,1647
2022-07-30T17:37:50.017116,333,37,37,2146005,38335,3588,6228,9948,7815,5204,1647
2022-07-30T17:37:50.529055,-77,44,21,2465271,138349,6439,55949,83996,99195,12117,9551
2022-07-30T17:37:51.040994,116,44,21,2465271,138349,6439,55949,83996,99195,12117,9551
2022-07-30T17:37:51.552933,156,51,30,2208255,176368,79638,61407,58383,37682,18628,5604
2022-07-30T17:37:52.064872,452,51,30,2208255,176368,79638,61407,58383,37682,18628,5604
2022-07-30T17:37:52.576812,59,44,34,1307745,149172,74575,35960,120986,30294,9831,2979
2022-07-30T17:37:53.088751,-89,44,34,1307745,149172,74575,35960,120986,30294,9831,2979
2022-07-30T17:37:53.600690,104,47,50,2243926,141641,86606,143222,100747,83553,9995,2721
2022-07-30T17:37:54.112629,137,44,57,1170348,488563,129364,684463,898816,571454,27622,8188
2022-07-30T17:37:54.624568,488,44,57,1170348,488563,129364,684463,898816,571454,27622,8188
2022-07-30T17:37:55.136507,499,50,61,342458,63336,37815,39441,30254,28494,1642,455
2022-07-30T17:37:55.648446,49,50,61,342458,63336,37815,39441,30254,28494,1642,455
2022-07-30T17:37:56.160385,274,40,69,606600,65147,26560,22695,7982,4959,2346,705
2022-07-30T17:37:56.672325,-84,40,69,606600,65147,26560,22695,7982,4959,2346,705
2022-07-30T17:37:57.184263,515,41,64,796997,28104,31380,4776,22502,17096,3355,1541
2022-07-30T17:37:57.696203,103,41,64,796997,28104,31380,4776,22502,17096,3355,1541
2022-07-30T17:37:58.208142,65,37,75,1582689,24865,42119,14330,19188,16975,3796,1606
2022-07-30T17:37:58.720081,108,37,75,1582689,24865,42119,14330,19188,16975,3796,1606
2022-07-30T17:37:59.232020,155,37,74,1719310,562947,472286,442488,832210,332803,74287,14018
2022-07-30T17:37:59.743960,547,37,74,1719310,562947,472286,442488,832210,332803,74287,14018
2022-07-30T17:38:00.255898,198,60,66,54860,1994,783,1234,1411,2005,629,341
2022-07-30T17:38:00.767837,19,60,66,54860,1994,783,1234,1411,2005,629,341
2022-07-30T17:38:01.279776,136,66,64,1802096,70654,20614,73375,73398,94685,16604,7220
2022-07-30T17:38:01.791715,89,66,64,1802096,70654,20614,73375,73398,94685,16604,7220
2022-07-30T17:38:02.303655,429,63,63,2153809,132899,129183,130861,98307,64671,13720,8375
2022-07-30T17:38:02.815594,212,63,63,2153809,132899,129183,130861,98307,64671,13720,8375
2022-07-30T17:38:03.327533,58,63,63,699226,144824,28713,29375,26539,15330,14313,15005
2022-07-30T17:38:03.839472,-3,63,63,699226,144824,28713,29375,26539,15330,14313,15005
2022-07-30T17:38:04.351411,28,64,56,1354325,408274,210907,124596,410053,213318,60084,4526
2022-07-30T17:38:04.863350,490,64,56,1354325,408274,210907,124596,410053,213318,60084,4526
2022-07-30T17:38:05.375289,299,56,50,201458,29684,2836,7437,4552,7284,3249,729
2022-07-30T17:38:05.887228,162,56,50,201458,29684,2836,7437,4552,7284,3249,729
2022-07-30T17:38:06.399167,-11,51,50,1434226,179358,39210,86653,76820,81926,14796,3047
2022-07-30T17:38:06.911106,226,51,50,1434226,179358,39210,86653,76820,81926,14796,3047
2022-07-30T17:38:07.423046,412,47,50,916132,65085,29921,31714,11779,12386,3315,2239
2022-07-30T17:38:07.934985,197,47,50,916132,65085,29921,31714,11779,12386,3315,2239
2022-07-30T17:38:08.446924,-83,48,57,1694661,101070,63193,85288,49301,104794,12517,5623
2022-07-30T17:38:08.958863,-188,48,57,1694661,101070,63193,85288,49301,104794,12517,5623
2022-07-30T17:38:09.470803,129,47,44,243215,83259,3971,5437,6529,13870,1955,1120
2022-07-30T17:38:09.982741,549,47,44,243215,83259,3971,5437,6529,13870,1955,1120
2022-07-30T17:38:10.494681,96,51,38,678440,49545,13694,11352,24210,39352,14127,2787
2022-07-30T17:38:11.006620,3,51,38,678440,49545,13694,11352,24210,39352,14127,2787
2022-07-30T17:38:11.518559,124,57,16,627623,316849,38646,45797,226810,93978,10991,12404
2022-07-30T17:38:12.030498,234,57,16,627623,316849,38646,45797,226810,93978,10991,12404
2022-07-30T17:38:12.542437,498,53,11,1525479,226497,54734,95532,117329,66569,12151,2813
2022-07-30T17:38:13.054376,229,53,11,1525479,226497,54734,95532,117329,66569,12151,2813
2022-07-30T17:38:13.566315,-109,63,30,898402,49100,76859,52105,159734,83334,8650,3902
2022-07-30T17:38:14.078254,-24,63,30,898402,49100,76859,52105,159734,83334,8650,3902
2022-07-30T17:38:14.590193,-182,60,37,463790,50162,10245,23466,25880,24843,3088,1138
2022-07-30T17:38:15.102132,566,60,37,463790,50162,10245,23466,25880,24843,3088,1138
2022-07-30T17:38:15.614072,92,64,44,1266365,141445,26340,50944,83675,89966,10737,4392
2022-07-30T17:38:16.126011,-189,53,30,1003899,127773,19390,1117,11614,8338,5775,844
2022-07-30T17:38:16.637949,20,53,30,1003899,127773,19390,1117,11614,8338,5775,844
2022-07-30T17:38:17.149889,227,51,30,677299,149427,82400,132792,177437,149873,17253,5692
2022-07-30T17:38:17.661828,396,51,30,677299,149427,82400,132792,177437,149873,17253,5692
2022-07-30T17:38:18.173767,212,47,24,1411515,235567,29109,40311,24792,46749,12622,2409
2022-07-30T17:38:18.685706,57,47,24,1411515,235567,29109,40311,24792,46749,12622,2409
2022-07-30T17:38:19.197645,56,47,24,272678,28403,8180,8268,7308,9025,1266,309
2022-07-30T17:38:19.709585,162,47,24,272678,28403,8180,8268,7308,9025,1266,309
2022-07-30T17:38:20.221524,289,41,29,2999050,1261914,417710,383456,539615,513695,152289,51293
2022-07-30T17:38:20.733463,109,41,29,2999050,1261914,417710,383456,539615,513695,152289,51293
2022-07-30T17:38:21.245402,-53,44,24,86093,29209,3083,663,5990,3261,834,162
2022-07-30T17:38:21.757341,84,44,24,86093,29209,3083,663,5990,3261,834,162
2022-07-30T17:38:22.269280,220,37,11,1212679,611973,22159,91877,75567,113266,23739,5340
2022-07-30T17:38:22.781219,460,37,11,1212679,611973,22159,91877,75567,113266,23739,5340
2022-07-30T17:38:23.293158,189,44,14,163018,15099,7033,5814,10771,12233,2744,313
2022-07-30T17:38:23.805097,124,44,14,163018,15099,7033,5814,10771,12233,2744,313
2022-07-30T17:38:24.317037,-183,38,21,1976255,361587,247670,81845,117669,80980,8074,2474
2022-07-30T17:38:24.828976,102,38,21,1976255,361587,247670,81845,117669,80980,8074,2474
2022-07-30T17:38:25.341049,549,54,41,1753197,37020,15259,34747,23272,46576,4879,3294
2022-07-30T17:38:25.852854,-67,54,41,1753197,37020,15259,34747,23272,46576,4879,3294
2022-07-30T17:38:26.364793,-50,56,47,695862,61031,7315,11961,14204,14572,1724,864
2022-07-30T17:38:26.876732,-104,56,47,695862,61031,7315,11961,14204,14572,1724,864
2022-07-30T17:38:27.388672,41,60,44,1735290,92487,33346,44151,88129,102785,14110,2929
2022-07-30T17:38:27.900610,408,60,44,1735290,92487,33346,44151,88129,102785,14110,2929
2022-07-30T17:38:28.412549,195,57,40,1473626,559945,185385,131072,117359,81654,7362,3257
2022-07-30T17:38:28.924489,-74,57,40,1473626,559945,185385,131072,117359,81654,7362,3257
2022-07-30T17:38:29.436428,85,54,26,585278,237929,36505,41109,113510,115687,14107,3609
2022-07-30T17:38:29.948367,132,54,26,585278,237929,36505,41109,113510,115687,14107,3609
2022-07-30T17:38:30.460306,426,53,21,1754922,43295,2846,5942,9641,7932,4867,2240
2022-07-30T17:38:30.972245,-22,53,21,1754922,43295,2846,5942,9641,7932,4867,2240
2022-07-30T17:38:31.484184,16,50,21,2512757,109932,33292,37437,93264,69490,5773,6338
2022-07-30T17:38:31.996123,97,50,21,2512757,109932,33292,37437,93264,69490,5773,6338
2022-07-30T17:38:32.508062,24,60,16,2215382,96774,26630,24453,26677,45888,8571,4254
2022-07-30T17:38:33.020001,489,60,16,2215382,96774,26630,24453,26677,45888,8571,4254
2022-07-30T17:38:33.531941,241,56,16,785148,212411,21451,43734,137779,74697,13450,2680
2022-07-30T17:38:34.043880,12,56,16,785148,212411,21451,43734,137779,74697,13450,2680
2022-07-30T17:38:34.555819,60,61,30,951751,128604,88162,101097,117460,95937,28733,18840
2022-07-30T17:38:35.067758,55,61,30,951751,128604,88162,101097,117460,95937,28733,18840
2022-07-30T17:38:35.579697,566,61,30,983064,130319,43357,31479,43110,21031,4195,5253
2022-07-30T17:38:36.091636,138,61,30,983064,130319,43357,31479,43110,21031,4195,5253
2022-07-30T17:38:36.603575,100,67,40,439885,42677,2834,66885,34522,77295,15519,5641
2022-07-30T17:38:37.115514,-94,61,48,465962,27727,12115,13735,12562,8335,3204,699
2022-07-30T17:38:37.627453,100,61,48,465962,27727,12115,13735,12562,8335,3204,699
2022-07-30T17:38:38.139393,307,63,53,1289607,350780,46341,107440,111594,152434,11907,2153
2022-07-30T17:38:38.651331,64,63,53,1289607,350780,46341,107440,111594,152434,11907,2153
2022-07-30T17:38:39.163271,178,60,53,212345,20149,9828,16975,21700,11156,7316,1259
2022-07-30T17:38:39.675210,-39,60,53,212345,20149,9828,16975,21700,11156,7316,1259
2022-07-30T17:38:40.187149,-22,47,50,314459,28169,6354,7557,5646,6616,1756,836
2022-07-30T17:38:40.699088,553,47,50,314459,28169,6354,7557,5646,6616,1756,836
2022-07-30T17:38:41.211027,323,50,53,646452,56547,45681,28286,27314,28434,6802,2105
2022-07-30T17:38:41.722966,139,50,53,646452,56547,45681,28286,27314,28434,6802,2105
2022-07-30T17:38:42.234905,68,51,53,673039,1179572,408459,92796,248476,608469,47762,23976
2022-07-30T17:38:42.746844,-123,51,53,673039,1179572,408459,92796,248476,608469,47762,23976
2022-07-30T17:38:43.258783,359,63,51,1173016,19542,38857,37614,71100,87479,11336,4971
2022-07-30T17:38:43.770723,141,63,51,1173016,19542,38857,37614,71100,87479,11336,4971
2022-07-30T17:38:44.282662,114,63,53,285369,28003,9887,6299,4372,5652,2136,735
2022-07-30T17:38:44.794601,-82,63,53,285369,28003,9887,6299,4372,5652,2136,735
2022-07-30T17:38:45.306540,168,67,47,1338258,124638,56865,68428,86233,101829,16902,25078
2022-07-30T17:38:45.818479,569,67,47,1338258,124638,56865,68428,86233,101829,16902,25078
2022-07-30T17:38:46.330419,32,60,47,598447,39770,4830,9850,11391,8943,5143,1432
2022-07-30T17:38:46.842357,56,60,47,598447,39770,4830,9850,11391,8943,5143,1432
2022-07-30T17:38:47.354297,216,57,37,839306,65572,30228,31926,149747,93474,11848,3309
2022-07-30T17:38:47.866235,200,57,37,839306,65572,30228,31926,149747,93474,11848,3309
2022-07-30T17:38:48.378175,423,67,40,915300,49192,41666,51442,59191,64644,7127,3494
2022-07-30T17:38:48.890114,50,67,40,915300,49192,41666,51442,59191,64644,7127,3494
2022-07-30T17:38:49.402053,-113,69,37,2884944,694513,190591,368797,577303,584345,30827,7899
2022-07-30T17:38:49.913992,166,69,37,2884944,694513,190591,368797,577303,584345,30827,7899
2022-07-30T17:38:50.425931,146,80,44,2005188,72307,46334,36916,20940,79421,8279,4743
2022-07-30T17:38:50.937870,580,80,44,2005188,72307,46334,36916,20940,79421,8279,4743
2022-07-30T17:38:51.449809,68,80,44,1957435,127530,50191,18944,47182,28563,5992,2222
2022-07-30T17:38:51.961749,8,80,44,1957435,127530,50191,18944,47182,28563,5992,2222
2022-07-30T17:38:52.473688,-84,74,60,1778330,121066,219676,221142,317731,190774,22840,20410
2022-07-30T17:38:52.985627,67,74,60,1778330,121066,219676,221142,317731,190774,22840,20410
2022-07-30T17:38:53.497566,457,67,43,1344478,74255,7523,7787,17511,23265,2052,770
2022-07-30T17:38:54.009505,8,67,43,1344478,74255,7523,7787,17511,23265,2052,770
2022-07-30T17:38:54.521444,136,57,56,612990,238965,199985,112976,55215,87581,10232,6989
2022-07-30T17:38:55.033383,28,57,56,612990,238965,199985,112976,55215,87581,10232,6989
2022-07-30T17:38:55.545322,114,51,66,473614,14378,19021,32053,15876,15086,3670,642
2022-07-30T17:38:56.057261,501,51,66,473614,14378,19021,32053,15876,15086,3670,642
